,Text,item_id
0,Organic Heirloom Popcorn nan nan,0
1,Classic Salmon Jerky nan nan,1
2,Hawaiian Salmon Jerky nan nan,2
3,Organic Brussels Sprouts  nan nan,3
4,Organic Carrot Bunch nan nan,4
5,Organic Ozette Potatoes nan nan,5
6,Micro Mix nan nan,6
7,Goat Cheese & Beet Ravioli  nan nan,7
8,Chocolate Pecan Babka nan nan,8
9,Pastured 2% Jersey Milk nan nan,9
10,"Pastured Ground Beef, Frozen    nan nan",10
11,"Grass-Fed Chuck Steak, Frozen (Organically Raised) nan nan",11
12,Fuji Apples nan nan,12
13,Bosc Pears nan nan,13
14,"Pastured Bacon, Frozen (Organically Raised) nan nan",14
15,"Pastured Boneless Shoulder Butt Roast, Frozen  nan nan",15
16,"Wild Cod, Frozen cod nan",16
17,"Alki's Apple Pie (9"")  pie nan",17
18,Cold-Pressed Cranberry Juice fruit juice nan,18
19,Mizuna Greens (bunched)  nan nan,19
20,Organic Baby Shiitake Mushroom nan nan,20
21,Organic Cylindra Beets  nan nan,21
22,Organic Russet Potatoes  nan nan,22
23,Chicken & Roasted Veggie Hand Pie (frozen) nan nan,23
24,Pastured Egg Nog nan nan,24
25,Organic Juicing Carrots  nan nan,25
26,Pink Lady Apples nan nan,26
27,Organic Opal Apple nan nan,27
28,Organic Aged Gouda  nan nan,28
29,Yellow Carrots (Organically Grown) nan nan,29
30,Organic Broccoli  nan nan,30
31,Organic Free Range Eggs  nan nan,31
32,"Wild Copper River Sockeye Salmon Skin-on, Frozen nan nan",32
33,Organic Cured Italian Red Garlic  nan nan,33
34,Pear & Brie Ravioli  nan nan,34
35,Smoked Gouda & Chicken Ravioli  nan nan,35
36,Basil Cheese Sauce nan nan,36
37,Black Truffle Mustard  nan nan,37
38,Organic Artisan Pizza Crust - 2 pack nan nan,38
39,"Chicken, Mushroom, and Spinach Lasagna - 4 servings (frozen) nan nan",39
40,Organic Whole Grain Sliced Loaf nan nan,40
41,Vegan Chocolate Chip Cookie nan nan,41
42,Raspberry Oat Bar nan nan,42
43,Organic Bake-at-Home Rosemary Bread nan nan,43
44,Organic Red Onion  nan nan,44
45,Purple Carrots (Organically Grown) nan nan,45
46,Organic Golden Beets  nan nan,46
47,Mini Squash Harvest Loaf nan nan,47
48,Green Cabbage (Organically Grown) nan nan,48
49,Organic Spinach.. nan nan,49
50,Organic White Onions nan nan,50
51,Organic Red Potatoes nan nan,51
52,Green Daikon (organically grown)  nan nan,52
53,Sour White Loaf nan nan,53
54,"Chocolate Bourbon Pecan Pie (9"") pecan pie nan",54
55,Grass-Fed Cultured Unsalted Butter butter nan,55
56,Greek Olive Crostini  nan nan,56
57,Slow Burn Black-eyed Pea Hummus  nan nan,57
58,Beef and Veggie Hand Pie (Frozen) nan nan,58
59,Organic Honeycrisp Apples nan nan,59
60,Wild Golden Chanterelle Mushrooms  nan nan,60
61,Organic Carrots nan nan,61
62,Organic Plain Chevre  nan nan,62
63,Grass-Fed Badger Mt. Blue Cheese  nan nan,63
64,Raisin Pecan Sliced Loaf nan nan,64
65,Chocolate Croissant nan nan,65
66,Grass-Fed Cultured Butter with Gray Salt nan nan,66
67,Seastack nan nan,67
68,Asian Pears nan nan,68
69,Organic Lebanese Zucchini nan nan,69
70,Gluten Free Fresh Fruit Muffin nan nan,70
71,Cage Free Eggs nan nan,71
72,Organic Green Kale nan nan,72
73,Organic Red Chard nan nan,73
74,Red Garlic (Organically Grown) nan nan,74
75,Organic Curly Parsley  nan nan,75
76,Organic Celery  nan nan,76
77,Organic Lacinato Kale  nan nan,77
78,Natural Creamunchy Peanut Butter nan nan,78
79,Organic Green D'Anjou Pear nan nan,79
80,Packham Pears nan nan,80
81,Spinach & Garlic Ziti nan nan,81
82,Marinara Sauce nan nan,82
83,Organic Heirloom Blueberries - Frozen nan nan,83
84,Organic Collard Greens  nan nan,84
85,Organic Grass-Fed Chocolate Milk - Quart nan nan,85
86,Organic Delicata Squash  nan nan,86
87,Crimini Mushrooms nan nan,87
88,Organic Red Beets  nan nan,88
89,Pastured Eggs (Organically Raised) nan nan,89
90,"Grass-Fed Beef Soup Bones, Frozen (Organically Raised) nan nan",90
91,"Pastured Pork Ribs, Frozen (Organically Raised) nan nan",91
92,Organic Braeburn Apple nan nan,92
93,Organic Neon Eggplants  nan nan,93
94,Chicken Empanada (2 pack)  nan nan,94
95,Beef Empanada (2pack)  empanada nan,95
96,"Mini Chicken Pot Pie (5"") (frozen) savory pie nan",96
97,"Pastured Ground Beef, Frozen    ground beef nan",97
98,Smoked Wild King Salmon nan nan,98
99,Pretzel Knot nan nan,99
100,Foccacia nan nan,100
101,Organic Shishito Peppers nan nan,101
102,Sunchokes  nan nan,102
103,Chioggia Beets (Organically Grown)  nan nan,103
104,Fresh Alphabet Pasta  nan nan,104
105,Organic Parsley Chive Chèvre nan nan,105
106,"Pie Crust, Frozen nan nan",106
107,Winter Pear Crown  nan nan,107
108,"Pastured Mild Italian Sausage, Frozen (Organically Raised) nan nan",108
109,"Jalapeno Cheddar Sausage, Frozen nan nan",109
110,Organic Grass-Fed Whole Jersey Milk nan nan,110
111,Organic Honey Lavender Chevre  nan nan,111
112,"Wild Baker River Sockeye Salmon Skin-on Fillets, Frozen nan nan",112
113,"Grass-Fed Beef Stew Meat, Frozen (Organically Raised) nan nan",113
114,Almond Croissant nan nan,114
115,Blueberry Cornmeal Muffin nan nan,115
116,Rye Rustic Loaf nan nan,116
117,Organic Roasted Garlic Loaf nan nan,117
118,Monkey Bread nan nan,118
119,Roasted Red Pepper Fettuccine  nan nan,119
120,Butternut Squash Gnocchi  nan nan,120
121,Cheesy Garlic Pullapart Rolls nan nan,121
122,Charcuterie & Cheese Party Platter nan nan,122
123,Dream Tea tea nan,123
124,Purple Daikon (organically grown)  vegetable nan,124
125,Organic Parsnips root vegetable nan,125
126,Organic Lacinato Kale  lacinato kale nan,126
127,Mizuna Greens (bunched)  greens nan,127
128,"Pastured Whole Chicken, Frozen (Organically Raised) nan nan",128
129,Pear & Brie Ravioli  ravioli nan,129
130,Longevity Extra Virgin Olive Oil olive oil nan,130
131,Micro Mix microgreens mix nan,131
132,Purple Daikon (organically grown)  nan nan,132
133,Spanish Black Radishes (organically grown) nan nan,133
134,Gold Ball Turnips  nan nan,134
135,Organic Butternut Squash nan nan,135
136,"Pastured Pork Chop Bone-in, Frozen (2 Chops) nan nan",136
137,Organic Broccoli   nan nan,137
138,Vanilla Yogurt Cup nan nan,138
139,Organic Hulless Heirloom Pumpkin Seeds (Lightly Salted) nan nan,139
140,Organic Dried Blueberries - Small Pack nan nan,140
141,Portobello Mushroom & Caramelized Onion Ravioli  nan nan,141
142,Organic Multi-Grain Sliced Loaf nan nan,142
143,Fennel (organically grown)  nan nan,143
144,Organic Parsnips nan nan,144
145,"Marionberry Pie (9"") nan nan",145
146,"Chocolate Bourbon Pecan Pie (9"") nan nan",146
147,Classic Mustard  nan nan,147
148,Organic Italian Parsley  nan nan,148
149,Organic Mixed Bell Peppers nan nan,149
150,Apricot Jam nan nan,150
151,Whole Wheat Cider Roll Tray - 6 pack  nan nan,151
152,Fuji Apples apples nan,152
153,Vanilla Yogurt Cup regular yogurt ss nan,153
154,Honey Yogurt Cup regular yogurt ss nan,154
155,"Quiche Lorraine (8"") (frozen) savory pie nan",155
156,"Pastured Ground Pork, Frozen nan nan",156
157,Honey Yogurt regular yogurt nan,157
158,Organic Free Range Eggs  eggs nan,158
159,Roasted Red Pepper Fettuccine  fresh fettuccine nan,159
160,Marinara Sauce pasta sauce nan,160
161,Organic Acorn Squash nan nan,161
162,Organic Baby Mixed Lettuce nan nan,162
163,Portobello Mushrooms nan nan,163
164,Organic Rainbow Carrot Bunch nan nan,164
165,"Alki's Apple Pie (9"")  nan nan",165
166,Rustic Potato Dinner Rolls - 6 pack nan nan,166
167,"Mini Chicken Pot Pie (5"") (frozen) nan nan",167
168,Micro Arugula nan nan,168
169,Pastured Whole Jersey Milk nan nan,169
170,Pastured Whipping Cream nan nan,170
171,Ricotta Gnocchi  nan nan,171
172,Organic Rosemary Diamante nan nan,172
173,"Mozzarella, Tomato & Basil Ravioli  nan nan",173
174,Pastured 1% Jersey Milk nan nan,174
175,Cirrus Camembert nan nan,175
176,Brownie nan nan,176
177,Honey Curry Mustard  nan nan,177
178,Grass-Fed Cultured Ghee nan nan,178
179,Grass-Fed Cultured Unsalted Butter nan nan,179
180,Sriracha  nan nan,180
181,"Pastured Boneless Leg Roast, Frozen nan nan",181
182,"Organic Arugula, nan nan",182
183,Smoked Wild Copper River Salmon nan nan,183
184,Spaghetti  nan nan,184
185,Organic Red Jalapeño Peppers  nan nan,185
186,Organic Red Kale nan nan,186
187,Micro Pea Shoots nan nan,187
188,Fromage Blanc nan nan,188
189,"Grass-Fed Ground Beef Patties, Frozen - 4 pack (Organically Raised) nan nan",189
190,Organic Blueberry Jam  nan nan,190
191,"Pastured Ground Beef, Frozen   nan nan",191
192,Original Black-eyed Pea Hummus  nan nan,192
193,Fall Fruit Farm Box (6-7lb) nan nan,193
194,Morning Glory Muffin nan nan,194
195,Taco Flour Tortilla - 8 pack  nan nan,195
196,Granola Bar Cookies - 4 pack nan nan,196
197,Grass-Fed Whey Ricotta nan nan,197
198,Organic Tomatillo  nan nan,198
199,Gluten Free Seeded Multi-Grain Sliced Bread nan nan,199
200,Organic Opal Apple apples nan,200
201,Chocolate Croissant croissants nan,201
202,Organic Honeycrisp Apples apples nan,202
203,Organic Braeburn Apple apples nan,203
204,Organic Carrots carrots nan,204
205,Pink Lady Apples apples nan,205
206,Burrito Flour Tortilla - 6 pack  tortilla nan,206
207,Smoked Gorgonzola & Walnut Ravioli nan nan,207
208,Teriyaki Salmon Jerky nan nan,208
209,Vanilla Yogurt nan nan,209
210,Raw Wildflower Honey  nan nan,210
211,Organic Red Mustard Greens (bunched)  nan nan,211
212,Salmon Kandy  nan nan,212
213,Organic Leeks  nan nan,213
214,Parmesan Rosemary Ham Biscuit nan nan,214
215,Organic Black Turtle Beans  nan nan,215
216,Organic Pasayten Hard White All Purpose Flour nan nan,216
217,"Pumpkin Pie (9"") nan nan",217
218,Ciabatta  nan nan,218
219,Organic Shallots  nan nan,219
220,Organic Jumbo Gold Beets  nan nan,220
221,Applewood Smoked Sweetheart Ham  ham nan,221
222,"Wild Baker River Sockeye Salmon Skin-on Fillets, Frozen salmon nan",222
223,"Organic Ladysmith, Dry Aged  cheese nan",223
224,Grass-Fed Dairy Reserve Cheese hard cheese nan,224
225,Cheesy Garlic Pullapart Rolls specialty roll nan,225
226,Chocolatl Sipping Chocolate Tea hot chocolate nan,226
227,Hazelnut Cacao Nib Granola  granola nan,227
228,Plain Sardinian Flatbread  nan nan,228
229,Organic Velvet Pioppini Mushroom nan nan,229
230,Organic Yellow Finn Potatoes nan nan,230
231,Organic Grass-Fed 2% Jersey Milk nan nan,231
232,Dried Pear Crisps nan nan,232
233,Columbia Sliced Loaf nan nan,233
234,Vegan Pumpkin Scone nan nan,234
235,Hazelnut Cacao Nib Granola  nan nan,235
236,Cold-Pressed Cranberry Juice nan nan,236
237,Blueberry Scone nan nan,237
238,Spaghetti  fresh spaghetti nan,238
239,Almond Croissant croissants nan,239
240,Micro Arugula micro arugula nan,240
241,"Spanish Chorizo Sausage, Frozen nan nan",241
242,Butternut Squash Lasagna - 4 servings (frozen) nan nan,242
243,Five Cheese Ravioli nan nan,243
244,Frozen Cranberries nan nan,244
245,Pumpkin Muffin nan nan,245
246,IPO Original - Sour Dill Pickles nan nan,246
247,Organic High Fiber Firm Tofu nan nan,247
248,Small Batch Plain Yogurt nan nan,248
249,"Grass-Fed New York Steak, Frozen (Organically Raised) nan nan",249
250,Small Batch Plain Yogurt Cup nan nan,250
251,Organic Creamunchy Peanut Butter nan nan,251
252,Red Curry Paste  nan nan,252
253,Organic Weeknight Medley Soup Mix nan nan,253
254,Brioche Slider Rolls - 8 pack nan nan,254
255,Fettuccine nan nan,255
256,Garlic and Pepper Smoked Coho Salmon nan nan,256
257,Pastured Half & Half nan nan,257
258,Organic Sugar Pie Pumpkins (2-4 lbs) nan nan,258
259,Pastured Eggs (Organically Raised) eggs nan,259
260,Foccacia loaf nan,260
261,Columbia Sliced Loaf sliced loaf nan,261
262,Organic Little Buddy Blend coffee bean nan,262
263,Organic Red Kale red kale nan,263
264,Seastack soft cheese nan,264
265,Salmon Kandy  salmon nan,265
266,Organic Decaf Asterisk Blend coffee bean nan,266
267,Damson Plum Jam classic jam nan,267
268,"Cherry Pie (9"")  nan nan",268
269,Organic Classic Kraut nan nan,269
270,Starking Apples nan nan,270
271,Burrito Flour Tortilla - 6 pack  nan nan,271
272,Jalapeno Popper Ravioli  nan nan,272
273,"Pastured Half Chicken, Frozen (Organically Raised) nan nan",273
274,"Quiche Lorraine (8"") (frozen) nan nan",274
275,Gluten Free Original Pizza Crust nan nan,275
276,Organic Collard Greens  collard greens nan,276
277,Organic Green Kale green kale nan,277
278,Dried Apple Crisps dried fruit nan,278
279,Organic Italian Parsley  parsley nan,279
280,Dried Pear Crisps dried fruit nan,280
281,Organic Whole Wheat Pastry Flour (Soft White Wheat) nan nan,281
282,"Spanish Chorizo Sausage, Frozen sausages nan",282
283,Organic Hulless Heirloom Pumpkin Seeds (Lightly Salted) roasted nuts nan,283
284,Organic Red Onions nan nan,284
285,Organic Yin Yang Carrots nan nan,285
286,Organic Marinated Steamed Tofu (Sliced) nan nan,286
287,Organic Emerald City Kraut nan nan,287
288,Pumpkin Spice Loaf  nan nan,288
289,Truffled Fromage Blanc nan nan,289
290,Lightly Salted Jumbo Peanuts nan nan,290
291,Garlic Dill Orzo  nan nan,291
292,"Bacon, Egg & Cheese Hand Pie (frozen) nan nan",292
293,Organic Purple Majesty Potatoes  nan nan,293
294,Organic Grass-Fed Heavy Cream nan nan,294
295,"Grass-Fed Beef Soup Bones, Frozen (Organically Raised) soup bone nan",295
296,Micro Broccoli nan nan,296
297,Dried Apple Crisps nan nan,297
298,"Large Pastured Soy-Free Turkey, Frozen (17-22 lb) nan nan",298
299,"Pastured Smoked Bacon, Frozen (Organically Raised)  nan nan",299
300,Organic Pain du George Sliced Loaf nan nan,300
301,Organic Rainbow Chard nan nan,301
302,Honey Yogurt nan nan,302
303,Greek Olive Baguette nan nan,303
304,Organic Feta nan nan,304
305,Sustainable Sliced Pepperoni  nan nan,305
306,Vegan Blackburn Wheat Loaf nan nan,306
307,Spicy Pickles nan nan,307
308,Vegan Vegetable Ravioli  ravioli nan,308
309,Organic Weeknight Medley Soup Mix soup mix nan,309
310,Wheat Herb Walnut Crostini  nan nan,310
311,Organic Soft White Wheat Berries nan nan,311
312,Grass-Fed Bebe Young Asiago Cheese  nan nan,312
313,Spinach Garlic Fettucini  nan nan,313
314,Organic Whole Wheat Bread Flour (Hard Red Wheat) nan nan,314
315,Probiotic Tonic: Classic Kraut nan nan,315
316,Firefly Kimchi nan nan,316
317,Smoked Wild Sockeye Salmon nan nan,317
318,"Shiitake Sage Sausage, Frozen nan nan",318
319,"Pure Maple Breakfast Sausage, Frozen nan nan",319
320,"Sun Dried Tomato Chicken Sausage, Frozen nan nan",320
321,Grass-Fed Jersey Girl Tomme Cheese  nan nan,321
322,Brioche Burger Buns - 4 pack nan nan,322
323,Organic Emmer Pancake & Waffle Mix nan nan,323
324,Organic Grass-Fed Heavy Cream heavy cream nan,324
325,"Pie Crust, Frozen pie crust nan",325
326,Raspberry Almond Coffee Cake Ring coffee cake nan,326
327,Organic Beet Bunch nan nan,327
328,Original Cranberry Pecan Snack Pack  nan nan,328
329,Grass-Fed Dairy Reserve Cheese nan nan,329
330,Empanada Pastry Dough pastry dough nan,330
331,Apricot Nut Loaf nut & dried fruit loaf nan,331
332,Hazelnut Cacao Nib Snack Pack nan nan,332
333,Apple Cherry Bar  nan nan,333
334,Plain Yogurt Cup nan nan,334
335,Applewood Smoked Sweetheart Ham  nan nan,335
336,Challah nan nan,336
337,Coral Pink Plum Jam nan nan,337
338,Organic Traditional Firm Tofu nan nan,338
339,Macrina Baguette nan nan,339
340,Raspberry Almond Coffee Cake Ring nan nan,340
341,Soppressata  nan nan,341
342,Probiotic Tonic: Kimchi nan nan,342
343,Garlicky Herb Dip Mix nan nan,343
344,"Stout & Cheddar Bratwurst, Frozen nan nan",344
345,"Pastured Pork Sausage links, Frozen (Organically Raised) nan nan",345
346,New Moon Jack nan nan,346
347,Organic Tigers Eye Beans  nan nan,347
348,Organic Jacobs Cattle Beans  nan nan,348
349,Organic Vermont Cranberry Beans  nan nan,349
350,Curry Kraut nan nan,350
351,Original Cranberry Pecan Granola  nan nan,351
352,Organic Old World Cereal Blend nan nan,352
353,Organic Country Hearth Soup Mix nan nan,353
354,Micro Pea Shoots micro pea shoots nan,354
355,Micro Broccoli micro broccoli nan,355
356,Pappardelle Pasta  nan nan,356
357,Damson Plum Jam nan nan,357
358,Verde & Egg Hand Pie (frozen) nan nan,358
359,Gluten Free Blueberry Almond Flax Granola nan nan,359
360,Longevity Extra Virgin Olive Oil nan nan,360
361,Traditional Balsamic Vinegar (18 year aged) nan nan,361
362,"Pumpkin Pie - 9"" nan nan",362
363,Campfire Smoked Jack nan nan,363
364,Plain Yogurt nan nan,364
365,Apricot Nut Loaf nan nan,365
366,"Pastured Country Sausage, Frozen nan nan",366
367,Purple Cabbage (Organically Grown)  nan nan,367
368,Organic Red Cherry Tomatoes nan nan,368
369,Pastured Whole Jersey Milk whole milk nan,369
370,Monkey Bread sweet loaf nan,370
371,Apple & Dulce de Leche Empanada (2 pack) empanada nan,371
372,Vanilla Yogurt regular yogurt nan,372
373,Organic Red Leaf Lettuce nan nan,373
374,Vegetable Lasagna - 4 servings (frozen) nan nan,374
375,Natural Creamunchy Peanut Butter peanut butter nan,375
376,Cage Free Eggs eggs nan,376
377,Organic Parsley Chive Chèvre spreading cheese nan,377
378,Castelfranco Radicchio  nan nan,378
379,Tuscan Salami  nan nan,379
380,Organic Big Truck Espresso Blend nan nan,380
381,Gluten Free Multi-Grain Dinner Rolls - 6 pack nan nan,381
382,Socorro Hot Sauce  nan nan,382
383,"Medium Pastured Soy-Free Turkey, Frozen (11-16 lb) nan nan",383
384,Organic Heirloom Blueberries - Frozen frozen berries nan,384
385,Crimini Mushrooms mushrooms nan,385
386,Organic Multi-Grain Sliced Loaf multigrain sliced loaf nan,386
387,Organic Panino Rolls - 4 pack nan nan,387
388,Rosemary Pappardelle  nan nan,388
389,Saucisson Sec nan nan,389
390,Smoked Gorgonzola & Walnut Ravioli ravioli nan,390
391,Honey Yogurt Cup nan nan,391
392,"Pastured Pork Chops, Frozen (Organically Raised) nan nan",392
393,Spiced Apple Granola  nan nan,393
394,Panettone  nan nan,394
395,Loukanika nan nan,395
396,Organic Decaf Asterisk Blend nan nan,396
397,Organic Whole Grain Sliced Loaf multigrain sliced loaf nan,397
398,Chocolate Apricot Espresso Cookie nan nan,398
399,Cirrus Camembert soft cheese nan,399
400,"Organic Mt. Blanchard Cheddar, Extra Sharp nan nan",400
401,Green Bell Peppers  nan nan,401
402,Organic Extra Firm Tofu nan nan,402
403,Brioche Hotdog Buns - 6 pack nan nan,403
404,Pretzel Knot pretzel nan,404
405,Pumpkin Muffin muffin nan,405
406,Chocolate Pecan Babka babka nan,406
407,Organic Kabocha Squash  nan nan,407
408,Organic Maitake Mushroom nan nan,408
409,Organic Red Dandelion Greens.. nan nan,409
410,Organic Red La Soda Potatoes  nan nan,410
411,Vegan Vegetable Ravioli  nan nan,411
412,Organic Elephant Garlic  nan nan,412
413,Organic Artisan Pizza Crust - 2 pack pizza crust nan,413
414,Holiday Porcini Stuffing Mix  nan nan,414
415,Trufflestack nan nan,415
416,"Organic Mt. Blanchard Cheddar, Mild  nan nan",416
417,Cheese Plate Duo nan nan,417
418,Organic Whole Grain Emmer Farro nan nan,418
419,Beefsteak Tomatoes nan nan,419
420,Fromage Blanc spreadable cheese nan,420
421,Organic Italian Eggplants  nan nan,421
422,Garlic Dill Mustard  nan nan,422
423,Organic Grass-Fed Greek Yogurt  nan nan,423
424,Beef and Veggie Hand Pie (Frozen) pastry nan,424
425,"Bacon, Egg & Cheese Hand Pie (frozen) savory pockets nan",425
426,Raspberry Oat Bar brownies & bars nan,426
427,Grass-Fed Cultured Butter with Gray Salt salted butter nan,427
428,Shells nan nan,428
429,Pastured 1% Jersey Milk reduced fat milk nan,429
430,"Organic Mt. Blanchard Cheddar, Mild  cheese nan",430
431,Pastured Half & Half half & half nan,431
432,Chioggia Beets (Organically Grown)  beet nan,432
433,Caramelized Onion Empanada (2 pack) empanada nan,433
434,Organic Romaine Lettuce nan nan,434
435,Fusilli  fresh fusilli nan,435
436,Pappardelle Pasta  fresh pappardelle nan,436
437,Heirloom Winter Luxury Pie Pumpkin (3-5 lbs) nan nan,437
438,Gluten Free Blueberry Almond Flax Snack Pack  nan nan,438
439,Micro Radish Mix micro radish nan,439
440,Organic Red Potatoes potato nan,440
441,Gluten Free Biscuit nan nan,441
442,Micro Radish Mix nan nan,442
443,Organic Grass-Fed Chocolate Milk - Pint nan nan,443
444,Spinach Shells  nan nan,444
445,Garlic Dill Linguine  nan nan,445
446,Sustainable Sliced Soppressata  nan nan,446
447,Mediterranean Herb Orzo  nan nan,447
448,Chipotle + Sage Meatloaf Mix  nan nan,448
449,Chorizo Rioja  nan nan,449
450,"Pecan Pie (9"")  nan nan",450
451,Blueberry Scone scone nan,451
452,Organic Rosemary Diamante specialty loaf nan,452
453,Chipotle + Sage Meatloaf Mix  spice mix nan,453
454,Green Curry Paste  nan nan,454
455,Smokey BBQ Mustard  nan nan,455
456,Organic Marinated Steamed Tofu (Sliced) tofu nan,456
457,Campfire Smoked Jack hard cheese nan,457
458,Organic Cheezy Crunch Kale Chips kale chips nan,458
459,Ginger & Pepper Pickles nan nan,459
460,Organic Little Buddy Blend nan nan,460
461,Savoy Cabbage (Organically Grown) nan nan,461
462,Hot & Sour Pickles nan nan,462
463,Garden Mix Fusilli  nan nan,463
464,Chicken & Roasted Veggie Hand Pie (frozen) savory pockets nan,464
465,Verde & Egg Hand Pie (frozen) savory pockets nan,465
466,Apple Cherry Bar  fruit bar nan,466
467,Habanero Hot Sauce  nan nan,467
468,Organic King Oyster Mushroom nan nan,468
469,Organic Hard Red Wheat Berries  specialty grain nan,469
470,Slow Burn Black-eyed Pea Hummus  spread nan,470
471,Organic Calypso Beans  nan nan,471
472,"Organic Ladysmith, Dry Aged  nan nan",472
473,Grass-Fed Fresh Cream nan nan,473
474,Grass-Fed Cultured Buttermilk nan nan,474
475,Smoked Gouda & Chicken Ravioli  ravioli nan,475
476,"Pure Maple Breakfast Sausage, Frozen sausages nan",476
477,Lentil & Rice Soup Mix soup mix nan,477
478,Brioche Burger Buns - 4 pack sandwich bun nan,478
479,Organic Country Hearth Soup Mix soup mix nan,479
480,Organic Extra Firm Tofu tofu nan,480
481,Organic Hard Red Wheat Berries  nan nan,481
482,Hatch Hot Sauce  nan nan,482
483,Whole Wheat Spaghetti nan nan,483
484,Lentil & Rice Soup Mix nan nan,484
485,Organic Heirloom Popcorn popcorn kernels nan,485
486,Organic Lava Rock Sriracha Kale Chips kale chips nan,486
487,Organic Emerald City Kraut sauerkraut nan,487
488,Organic Potlatch Pilaf nan nan,488
489,Prik Pon Roasted Thai Chilies  nan nan,489
490,Pastured Whipping Cream whipping cream nan,490
491,Organic Grass-Fed Greek Yogurt  yogurt nan,491
492,Organic Aged Gouda  cheese nan,492
493,Sour White Loaf sourdough loaf nan,493
494,"Marionberry Pie (9"") pie nan",494
495,"Pastured Pork Bones, Frozen nan nan",495
496,Taco Flour Tortilla - 8 pack  tortilla nan,496
497,Garlicky Herb Dip Mix dip nan,497
498,Probiotic Tonic: Kimchi probiotic nan,498
499,Organic Olive & Sea Salt Kale Chips chips nan,499
500,Truffled Fromage Blanc spreadable cheese nan,500
501,Organic Romano Green Beans  nan nan,501
502,Rosemary Pappardelle  fresh pappardelle nan,502
503,Pastured Egg Nog egg nog nan,503
504,New Moon Jack hard cheese nan,504
505,Organic Creamunchy Peanut Butter peanut butter nan,505
506,Whole Wheat Spaghetti fresh spaghetti nan,506
507,Organic Calypso Beans  beans nan,507
508,Granola Bar Cookies - 4 pack cookie nan,508
509,"Cherry Pie (9"")  pie nan",509
510,Roasted Corn Empanada (2 pack) empanada nan,510
511,Spinach & Cheese Empanada (2 pack) empanada nan,511
512,Digest Tea  tea nan,512
513,IPO Original - Sour Dill Pickles pickles nan,513
514,Organic Green Leaf Lettuce nan nan,514
515,Dill Scone nan nan,515
516,Challah specialty loaf nan,516
517,"Hot Italian Sausage, Frozen nan nan",517
518,Bun Shallot Jam  jam nan,518
519,Sriracha  hot sauce nan,519
520,Panettone  bread nan,520
521,Jalapeno Popper Ravioli  ravioli nan,521
522,Piri Hot Sauce  nan nan,522
523,Ricotta Gnocchi  fresh gnocchi nan,523
524,Organic Black Turtle Beans  beans nan,524
525,Lightly Salted Jumbo Peanuts roasted nuts nan,525
526,Green Curry Paste  curry nan,526
527,Prik Pon Roasted Thai Chilies  spices nan,527
528,Original Black-eyed Pea Hummus  spread nan,528
529,Butternut Squash Lasagna - 4 servings (frozen) lasagna nan,529
530,Gluten Free Multi-Grain Dinner Rolls - 6 pack dinner rolls nan,530
531,Organic Cortido Kraut nan nan,531
532,Fusilli  nan nan,532
533,Smoked Wild King Salmon cured salmon nan,533
534,Probiotic Tonic: Emerald City Kraut nan nan,534
535,Purple Topped Laurentian Rutabaga nan nan,535
536,Grass-Fed Badger Mt. Blue Cheese  blue cheese nan,536
537,Organic Cranberry Heirloom Beans nan nan,537
538,Organic Grass-Fed Chocolate Milk - Quart flavored milk nan,538
539,"Chicken, Mushroom, and Spinach Lasagna - 4 servings (frozen) lasagna nan",539
540,Chimichurri Sauce  sauce nan,540
541,Urutan Salami  nan nan,541
542,Organic Roasted Garlic Loaf specialty loaf nan,542
543,Organic Classic Kraut sauerkraut nan,543
544,Plain Yogurt plain yogurt nan,544
545,Marge's Breakfast Muesli nan nan,545
546,Original Cranberry Pecan Snack Pack  granola nan,546
547,Portobello Mushrooms mushrooms nan,547
548,Grass-Fed Rib Eye Steak (Organically Raised) steak nan,548
549,Heirloom Winter Luxury Pie Pumpkin (3-5 lbs) pumpkin nan,549
550,Garlic Dill Orzo  pasta nan,550
551,"Pastured Pork Chop Bone-in, Frozen (2 Chops) pork nan",551
552,Sweetheart Espresso nan nan,552
553,Spinach & Garlic Ziti fresh ziti nan,553
554,Purple Cabbage (Organically Grown)  cabbage nan,554
555,Organic Grass-Fed Skim Jersey Milk nan nan,555
556,Organic Tigers Eye Beans  beans nan,556
557,Organic Vermont Cranberry Beans  beans nan,557
558,"Jalapeno Cheddar Sausage, Frozen sausages nan",558
559,Spanish Black Radishes (organically grown) radish nan,559
560,Organic High Fiber Firm Tofu tofu nan,560
561,Savoy Cabbage (Organically Grown) cabbage nan,561
562,"Pumpkin Pie - 9"" pie nan",562
563,Grass-Fed Fresh Cream heavy cream nan,563
564,"Pastured Smoked Bacon, Frozen (Organically Raised)  bacon nan",564
565,Parmesan Rosemary Ham Biscuit biscuit nan,565
566,Organic Ethiopia Konga Yirga Cheffe nan nan,566
567,Organic Blueberry Gift Box  nan nan,567
568,Vegan Blackburn Wheat Loaf wheat loaf nan,568
